Id,nome,data,nota,tema
"0;The Shawshank Redemption;1994;9.3;Drama"
"1;The Godfather;1972;9.2;Crime, Drama"
"2;The Dark Knight;2008;9;Action, Crime, Drama"
"3;The Godfather: Part II;1974;9;Crime, Drama"
"4;12 Angry Men;1957;9;Crime, Drama"
"5;The Lord of the Rings: The Return of the King;2003;8.9;Action, Adventure, Drama"
"6;Pulp Fiction;1994;8.9;Crime, Drama"
"7;Schindler's List;1993;8.9;Biography, Drama, History"
"8;Inception;2010;8.8;Action, Adventure, Sci-Fi"
"9;Fight Club;1999;8.8;Drama"
"10;The Lord of the Rings: The Fellowship of the Ring;2001;8.8;Action, Adventure, Drama"
"11;Forrest Gump;1994;8.8;Drama, Romance"
"12;Il buono, il brutto, il cattivo;1966;8.8;Western"
"13;The Lord of the Rings: The Two Towers;2002;8.7;Action, Adventure, Drama"
"14;The Matrix;1999;8.7;Action, Sci-Fi"
"15;Goodfellas;1990;8.7;Biography, Crime, Drama"
"16;Star Wars: Episode V - The Empire Strikes Back;1980;8.7;Action, Adventure, Fantasy"
"17;One Flew Over the Cuckoo's Nest;1975;8.7;Drama"
"18;Hamilton;2020;8.6;Biography, Drama, History"
"19;Gisaengchung;2019;8.6;Comedy, Drama, Thriller"
"20;Soorarai Pottru;2020;8.6;Drama"
"21;Interstellar;2014;8.6;Adventure, Drama, Sci-Fi"
"22;Cidade de Deus;2002;8.6;Crime, Drama"
"23;Sen to Chihiro no kamikakushi;2001;8.6;Animation, Adventure, Family"
"24;Saving Private Ryan;1998;8.6;Drama, War"
"25;The Green Mile;1999;8.6;Crime, Drama, Fantasy"
"26;La vita è bella;1997;8.6;Comedy, Drama, Romance"
"27;Se7en;1995;8.6;Crime, Drama, Mystery"
"28;The Silence of the Lambs;1991;8.6;Crime, Drama, Thriller"
"29;Star Wars;1977;8.6;Action, Adventure, Fantasy"
"30;Seppuku;1962;8.6;Action, Drama, Mystery"
"31;Shichinin no samurai;1954;8.6;Action, Adventure, Drama"
"32;It's a Wonderful Life;1946;8.6;Drama, Family, Fantasy"
"33;Joker;2019;8.5;Crime, Drama, Thriller"
"34;Whiplash;2014;8.5;Drama, Music"
"35;The Intouchables;2011;8.5;Biography, Comedy, Drama"
"36;The Prestige;2006;8.5;Drama, Mystery, Sci-Fi"
"37;The Departed;2006;8.5;Crime, Drama, Thriller"
"38;The Pianist;2002;8.5;Biography, Drama, Music"
"39;Gladiator;2000;8.5;Action, Adventure, Drama"
"40;American History X;1998;8.5;Drama"
"41;The Usual Suspects;1995;8.5;Crime, Mystery, Thriller"
"42;Léon;1994;8.5;Action, Crime, Drama"
"43;The Lion King;1994;8.5;Animation, Adventure, Drama"
"44;Terminator 2: Judgment Day;1991;8.5;Action, Sci-Fi"
"45;Nuovo Cinema Paradiso;1988;8.5;Drama, Romance"
"46;Hotaru no haka;1988;8.5;Animation, Drama, War"
"47;Back to the Future;1985;8.5;Adventure, Comedy, Sci-Fi"
"48;Once Upon a Time in the West;1968;8.5;Western"
"49;Psycho;1960;8.5;Horror, Mystery, Thriller"
"50;Casablanca;1942;8.5;Drama, Romance, War"
"51;Modern Times;1936;8.5;Comedy, Drama, Family"
"52;City Lights;1931;8.5;Comedy, Drama, Romance"
"53;Capharnaüm;2018;8.4;Drama"
"54;Ayla: The Daughter of War;2017;8.4;Biography, Drama, History"
"55;Vikram Vedha;2017;8.4;Action, Crime, Drama"
"56;Kimi no na wa.;2016;8.4;Animation, Drama, Fantasy"
"57;Dangal;2016;8.4;Action, Biography, Drama"
"58;Spider-Man: Into the Spider-Verse;2018;8.4;Animation, Action, Adventure"
"59;Avengers: Endgame;2019;8.4;Action, Adventure, Drama"
"60;Avengers: Infinity War;2018;8.4;Action, Adventure, Sci-Fi"
"61;Coco;2017;8.4;Animation, Adventure, Family"
"62;Django Unchained;2012;8.4;Drama, Western"
"63;The Dark Knight Rises;2012;8.4;Action, Adventure"
"64;3 Idiots;2009;8.4;Comedy, Drama"
"65;Taare Zameen Par;2007;8.4;Drama, Family"
"66;WALL·E;2008;8.4;Animation, Adventure, Family"
"67;The Lives of Others;2006;8.4;Drama, Mystery, Thriller"
"68;Oldeuboi;2003;8.4;Action, Drama, Mystery"
"69;Memento;2000;8.4;Mystery, Thriller"
"70;Mononoke-hime;1997;8.4;Animation, Action, Adventure"
"71;Once Upon a Time in America;1984;8.4;Crime, Drama"
"72;Raiders of the Lost Ark;1981;8.4;Action, Adventure"
"73;The Shining;1980;8.4;Drama, Horror"
"74;Apocalypse Now;1979;8.4;Drama, Mystery, War"
"75;Alien;1979;8.4;Horror, Sci-Fi"
"76;Anand;1971;8.4;Drama, Musical"
"77;Tengoku to jigoku;1963;8.4;Crime, Drama, Mystery"
"78;Dr. Strangelove or: How I Learned to Stop Worrying and Love the Bomb;1964;8.4;Comedy"
"79;Witness for the Prosecution;1957;8.4;Crime, Drama, Mystery"
"80;Paths of Glory;1957;8.4;Drama, War"
"81;Rear Window;1954;8.4;Mystery, Thriller"
"82;Sunset Blvd.;1950;8.4;Drama, Film-Noir"
"83;The Great Dictator;1940;8.4;Comedy, Drama, War"
"84;1917;2019;8.3;Drama, Thriller, War"
"85;Tumbbad;2018;8.3;Drama, Fantasy, Horror"
"86;Andhadhun;2018;8.3;Crime, Drama, Music"
"87;Drishyam;2013;8.3;Crime, Drama, Thriller"
"88;Jagten;2012;8.3;Drama"
"89;Jodaeiye Nader az Simin;2011;8.3;Drama"
"90;Incendies;2010;8.3;Drama, Mystery, War"
"91;Miracle in cell NO.7;2019;8.3;Drama"
"92;Babam ve Oglum;2005;8.3;Drama, Family"
"93;Inglourious Basterds;2009;8.3;Adventure, Drama, War"
"94;Eternal Sunshine of the Spotless Mind;2004;8.3;Drama, Romance, Sci-Fi"
"95;Amélie;2001;8.3;Comedy, Romance"
"96;Snatch;2000;8.3;Comedy, Crime"
"97;Requiem for a Dream;2000;8.3;Drama"
"98;American Beauty;1999;8.3;Drama"
"99;Good Will Hunting;1997;8.3;Drama, Romance"
"100;Bacheha-Ye aseman;1997;8.3;Drama, Family, Sport"
"101;Toy Story;1995;8.3;Animation, Adventure, Comedy"
"102;Braveheart;1995;8.3;Biography, Drama, History"
"103;Reservoir Dogs;1992;8.3;Crime, Drama, Thriller"
"104;Full Metal Jacket;1987;8.3;Drama, War"
"105;Idi i smotri;1985;8.3;Drama, Thriller, War"
"106;Aliens;1986;8.3;Action, Adventure, Sci-Fi"
"107;Amadeus;1984;8.3;Biography, Drama, History"
"108;Scarface;1983;8.3;Crime, Drama"
"109;Star Wars: Episode VI - Return of the Jedi;1983;8.3;Action, Adventure, Fantasy"
"110;Das Boot;1981;8.3;Adventure, Drama, Thriller"
"111;Taxi Driver;1976;8.3;Crime, Drama"
"112;The Sting;1973;8.3;Comedy, Crime, Drama"
"113;A Clockwork Orange;1971;8.3;Crime, Drama, Sci-Fi"
"114;2001: A Space Odyssey;1968;8.3;Adventure, Sci-Fi"
"115;Per qualche dollaro in più;1965;8.3;Western"
"116;Lawrence of Arabia;1962;8.3;Adventure, Biography, Drama"
"117;The Apartment;1960;8.3;Comedy, Drama, Romance"
"118;North by Northwest;1959;8.3;Adventure, Mystery, Thriller"
"119;Vertigo;1958;8.3;Mystery, Romance, Thriller"
"120;Singin' in the Rain;1952;8.3;Comedy, Musical, Romance"
"121;Ikiru;1952;8.3;Drama"
"122;Ladri di biciclette;1948;8.3;Drama"
"123;Double Indemnity;1944;8.3;Crime, Drama, Film-Noir"
"124;Citizen Kane;1941;8.3;Drama, Mystery"
"125;M - Eine Stadt sucht einen Mörder;1931;8.3;Crime, Mystery, Thriller"
"126;Metropolis;1927;8.3;Drama, Sci-Fi"
"127;The Kid;1921;8.3;Comedy, Drama, Family"
"128;Chhichhore;2019;8.2;Comedy, Drama"
"129;Uri: The Surgical Strike;2018;8.2;Action, Drama, War"
"130;K.G.F: Chapter 1;2018;8.2;Action, Drama"
"131;Green Book;2018;8.2;Biography, Comedy, Drama"
"132;Three Billboards Outside Ebbing, Missouri;2017;8.2;Comedy, Crime, Drama"
"133;Talvar;2015;8.2;Crime, Drama, Mystery"
"134;Baahubali 2: The Conclusion;2017;8.2;Action, Drama"
"135;Klaus;2019;8.2;Animation, Adventure, Comedy"
"136;Drishyam;2015;8.2;Crime, Drama, Mystery"
"137;Queen;2013;8.2;Adventure, Comedy, Drama"
"138;Mandariinid;2013;8.2;Drama, War"
"139;Bhaag Milkha Bhaag;2013;8.2;Biography, Drama, Sport"
"140;Gangs of Wasseypur;2012;8.2;Action, Comedy, Crime"
"141;Udaan;2010;8.2;Drama"
"142;Paan Singh Tomar;2012;8.2;Action, Biography, Crime"
"143;El secreto de sus ojos;2009;8.2;Drama, Mystery, Romance"
"144;Warrior;2011;8.2;Action, Drama, Sport"
"145;Shutter Island;2010;8.2;Mystery, Thriller"
"146;Up;2009;8.2;Animation, Adventure, Comedy"
"147;The Wolf of Wall Street;2013;8.2;Biography, Crime, Drama"
"148;Chak De! India;2007;8.2;Drama, Family, Sport"
"149;There Will Be Blood;2007;8.2;Drama"
"150;Pan's Labyrinth;2006;8.2;Drama, Fantasy, War"
"151;Toy Story 3;2010;8.2;Animation, Adventure, Comedy"
"152;V for Vendetta;2005;8.2;Action, Drama, Sci-Fi"
"153;Rang De Basanti;2006;8.2;Comedy, Crime, Drama"
"154;Black;2005;8.2;Drama"
"155;Batman Begins;2005;8.2;Action, Adventure"
"156;Swades: We, the People;2004;8.2;Drama"
"157;Der Untergang;2004;8.2;Biography, Drama, History"
"158;Hauru no ugoku shiro;2004;8.2;Animation, Adventure, Family"
"159;A Beautiful Mind;2001;8.2;Biography, Drama"
"160;Hera Pheri;2000;8.2;Action, Comedy, Crime"
"161;Lock, Stock and Two Smoking Barrels;1998;8.2;Action, Comedy, Crime"
"162;L.A. Confidential;1997;8.2;Crime, Drama, Mystery"
"163;Eskiya;1996;8.2;Crime, Drama, Thriller"
"164;Heat;1995;8.2;Crime, Drama, Thriller"
"165;Casino;1995;8.2;Crime, Drama"
"166;Andaz Apna Apna;1994;8.2;Action, Comedy, Romance"
"167;Unforgiven;1992;8.2;Drama, Western"
"168;Indiana Jones and the Last Crusade;1989;8.2;Action, Adventure"
"169;Dom za vesanje;1988;8.2;Comedy, Crime, Drama"
"170;Tonari no Totoro;1988;8.2;Animation, Family, Fantasy"
"171;Die Hard;1988;8.2;Action, Thriller"
"172;Ran;1985;8.2;Action, Drama, War"
"173;Raging Bull;1980;8.2;Biography, Drama, Sport"
"174;Stalker;1979;8.2;Drama, Sci-Fi"
"175;Höstsonaten;1978;8.2;Drama, Music"
"176;The Message;1976;8.2;Biography, Drama, History"
"177;Sholay;1975;8.2;Action, Adventure, Comedy"
"178;Monty Python and the Holy Grail;1975;8.2;Adventure, Comedy, Fantasy"
"179;The Great Escape;1963;8.2;Adventure, Drama, History"
"180;To Kill a Mockingbird;1962;8.2;Crime, Drama"
"181;Yôjinbô;1961;8.2;Action, Drama, Thriller"
"182;Judgment at Nuremberg;1961;8.2;Drama, War"
"183;Some Like It Hot;1959;8.2;Comedy, Music, Romance"
"184;Smultronstället;1957;8.2;Drama, Romance"
"185;Det sjunde inseglet;1957;8.2;Drama, Fantasy, History"
"186;Du rififi chez les hommes;1955;8.2;Crime, Drama, Thriller"
"187;Dial M for Murder;1954;8.2;Crime, Thriller"
"188;Tôkyô monogatari;1953;8.2;Drama"
"189;Rashômon;1950;8.2;Crime, Drama, Mystery"
"190;All About Eve;1950;8.2;Drama"
"191;The Treasure of the Sierra Madre;1948;8.2;Adventure, Drama, Western"
"192;To Be or Not to Be;1942;8.2;Comedy, War"
"193;The Gold Rush;1925;8.2;Adventure, Comedy, Drama"
"194;Sherlock Jr.;1924;8.2;Action, Comedy, Romance"
"195;Portrait de la jeune fille en feu;2019;8.1;Drama, Romance"
"196;Pink;2016;8.1;Drama, Thriller"
"197;Koe no katachi;2016;8.1;Animation, Drama, Family"
"198;Contratiempo;2016;8.1;Crime, Drama, Mystery"
"199;Ah-ga-ssi;2016;8.1;Drama, Romance, Thriller"
"200;Mommy;2014;8.1;Drama"
"201;Haider;2014;8.1;Action, Crime, Drama"
"202;Logan;2017;8.1;Action, Drama, Sci-Fi"
"203;Room;2015;8.1;Drama, Thriller"
"204;Relatos salvajes;2014;8.1;Comedy, Drama, Thriller"
"205;Soul;2020;8.1;Animation, Adventure, Comedy"
"206;Kis Uykusu;2014;8.1;Drama"
"207;PK;2014;8.1;Comedy, Drama, Musical"
"208;OMG: Oh My God!;2012;8.1;Comedy, Drama, Fantasy"
"209;The Grand Budapest Hotel;2014;8.1;Adventure, Comedy, Crime"
"210;Gone Girl;2014;8.1;Drama, Mystery, Thriller"
"211;Ôkami kodomo no Ame to Yuki;2012;8.1;Animation, Drama, Fantasy"
"212;Hacksaw Ridge;2016;8.1;Biography, Drama, History"
"213;Inside Out;2015;8.1;Animation, Adventure, Comedy"
"214;Barfi!;2012;8.1;Comedy, Drama, Romance"
"215;12 Years a Slave;2013;8.1;Biography, Drama, History"
"216;Rush;2013;8.1;Action, Biography, Drama"
"217;Ford v Ferrari;2019;8.1;Action, Biography, Drama"
"218;Spotlight;2015;8.1;Biography, Crime, Drama"
"219;Song of the Sea;2014;8.1;Animation, Adventure, Drama"
"220;Kahaani;2012;8.1;Mystery, Thriller"
"221;Zindagi Na Milegi Dobara;2011;8.1;Comedy, Drama"
"222;Prisoners;2013;8.1;Crime, Drama, Mystery"
"223;Mad Max: Fury Road;2015;8.1;Action, Adventure, Sci-Fi"
"224;A Wednesday;2008;8.1;Action, Crime, Drama"
"225;Gran Torino;2008;8.1;Drama"
"226;Harry Potter and the Deathly Hallows: Part 2;2011;8.1;Adventure, Drama, Fantasy"
"227;Okuribito;2008;8.1;Drama, Music"
"228;Hachi: A Dog's Tale;2009;8.1;Biography, Drama, Family"
"229;Mary and Max;2009;8.1;Animation, Comedy, Drama"
"230;How to Train Your Dragon;2010;8.1;Animation, Action, Adventure"
"231;Into the Wild;2007;8.1;Adventure, Biography, Drama"
"232;No Country for Old Men;2007;8.1;Crime, Drama, Thriller"
"233;Lage Raho Munna Bhai;2006;8.1;Comedy, Drama, Romance"
"234;Million Dollar Baby;2004;8.1;Drama, Sport"
"235;Hotel Rwanda;2004;8.1;Biography, Drama, History"
"236;Taegukgi hwinalrimyeo;2004;8.1;Action, Drama, War"
"237;Before Sunset;2004;8.1;Drama, Romance"
"238;Munna Bhai M.B.B.S.;2003;8.1;Comedy, Drama, Musical"
"239;Salinui chueok;2003;8.1;Crime, Drama, Mystery"
"240;Dil Chahta Hai;2001;8.1;Comedy, Drama, Romance"
"241;Kill Bill: Vol. 1;2003;8.1;Action, Crime, Drama"
"242;Finding Nemo;2003;8.1;Animation, Adventure, Comedy"
"243;Catch Me If You Can;2002;8.1;Biography, Crime, Drama"
"244;Amores perros;2000;8.1;Drama, Thriller"
"245;Monsters, Inc.;2001;8.1;Animation, Adventure, Comedy"
"246;Shin seiki Evangelion Gekijô-ban: Air/Magokoro wo, kimi ni;1997;8.1;Animation, Action, Drama"
"247;Lagaan: Once Upon a Time in India;2001;8.1;Adventure, Drama, Musical"
"248;The Sixth Sense;1999;8.1;Drama, Mystery, Thriller"
"249;La leggenda del pianista sull'oceano;1998;8.1;Drama, Music, Romance"
"250;The Truman Show;1998;8.1;Comedy, Drama"
"251;Crna macka, beli macor;1998;8.1;Comedy, Crime, Romance"
"252;The Big Lebowski;1998;8.1;Comedy, Crime, Sport"
"253;Fa yeung nin wah;2000;8.1;Drama, Romance"
"254;Trainspotting;1996;8.1;Drama"
"255;Fargo;1996;8.1;Crime, Drama, Thriller"
"256;Underground;1995;8.1;Comedy, Drama, War"
"257;La haine;1995;8.1;Crime, Drama"
"258;Dilwale Dulhania Le Jayenge;1995;8.1;Drama, Romance"
"259;Before Sunrise;1995;8.1;Drama, Romance"
"260;Trois couleurs: Rouge;1994;8.1;Drama, Mystery, Romance"
"261;Chung Hing sam lam;1994;8.1;Comedy, Crime, Drama"
"262;Jurassic Park;1993;8.1;Action, Adventure, Sci-Fi"
"263;In the Name of the Father;1993;8.1;Biography, Crime, Drama"
"264;Ba wang bie ji;1993;8.1;Drama, Music, Romance"
"265;Dà hóng denglong gaogao guà;1991;8.1;Drama, History, Romance"
"266;Dead Poets Society;1989;8.1;Comedy, Drama"
"267;Stand by Me;1986;8.1;Adventure, Drama"
"268;Platoon;1986;8.1;Drama, War"
"269;Paris, Texas;1984;8.1;Drama"
"270;Kaze no tani no Naushika;1984;8.1;Animation, Adventure, Fantasy"
"271;The Thing;1982;8.1;Horror, Mystery, Sci-Fi"
"272;Pink Floyd: The Wall;1982;8.1;Drama, Fantasy, Music"
"273;Fitzcarraldo;1982;8.1;Adventure, Drama"
"274;Fanny och Alexander;1982;8.1;Drama"
"275;Blade Runner;1982;8.1;Action, Sci-Fi, Thriller"
"276;The Elephant Man;1980;8.1;Biography, Drama"
"277;Life of Brian;1979;8.1;Comedy"
"278;The Deer Hunter;1978;8.1;Drama, War"
"279;Rocky;1976;8.1;Drama, Sport"
"280;Network;1976;8.1;Drama"
"281;Barry Lyndon;1975;8.1;Adventure, Drama, History"
"282;Zerkalo;1975;8.1;Biography, Drama"
"283;Chinatown;1974;8.1;Drama, Mystery, Thriller"
"284;Paper Moon;1973;8.1;Comedy, Crime, Drama"
"285;Viskningar och rop;1972;8.1;Drama"
"286;Solaris;1972;8.1;Drama, Mystery, Sci-Fi"
"287;Le samouraï;1967;8.1;Crime, Drama, Mystery"
"288;Cool Hand Luke;1967;8.1;Crime, Drama"
"289;Persona;1966;8.1;Drama, Thriller"
"290;Andrei Rublev;1966;8.1;Biography, Drama, History"
"291;La battaglia di Algeri;1966;8.1;Drama, War"
"292;El ángel exterminador;1962;8.1;Drama, Fantasy"
"293;What Ever Happened to Baby Jane?;1962;8.1;Drama, Horror, Thriller"
"294;Sanjuro;1962;8.1;Action, Comedy, Crime"
"295;The Man Who Shot Liberty Valance;1962;8.1;Drama, Western"
"296;Ivanovo detstvo;1962;8.1;Drama, War"
"297;Jungfrukällan;1960;8.1;Drama"
"298;Inherit the Wind;1960;8.1;Biography, Drama, History"
"299;Les quatre cents coups;1959;8.1;Crime, Drama"
"300;Ben-Hur;1959;8.1;Adventure, Drama, History"
"301;Kakushi-toride no san-akunin;1958;8.1;Adventure, Drama"
"302;Le notti di Cabiria;1957;8.1;Drama"
"303;Kumonosu-jô;1957;8.1;Drama, History"
"304;The Bridge on the River Kwai;1957;8.1;Adventure, Drama, War"
"305;On the Waterfront;1954;8.1;Crime, Drama, Thriller"
"306;Le salaire de la peur;1953;8.1;Adventure, Drama, Thriller"
"307;Ace in the Hole;1951;8.1;Drama, Film-Noir"
"308;White Heat;1949;8.1;Action, Crime, Drama"
"309;The Third Man;1949;8.1;Film-Noir, Mystery, Thriller"
"310;The Red Shoes;1948;8.1;Drama, Music, Romance"
"311;The Shop Around the Corner;1940;8.1;Comedy, Drama, Romance"
"312;Rebecca;1940;8.1;Drama, Mystery, Romance"
"313;Mr. Smith Goes to Washington;1939;8.1;Comedy, Drama"
"314;Gone with the Wind;1939;8.1;Drama, History, Romance"
"315;La Grande Illusion;1937;8.1;Drama, War"
"316;It Happened One Night;1934;8.1;Comedy, Romance"
"317;La passion de Jeanne d'Arc;1928;8.1;Biography, Drama, History"
"318;The Circus;1928;8.1;Comedy, Romance"
"319;Sunrise: A Song of Two Humans;1927;8.1;Drama, Romance"
"320;The General;1926;8.1;Action, Adventure, Comedy"
"321;Das Cabinet des Dr. Caligari;1920;8.1;Fantasy, Horror, Mystery"
"322;Badhaai ho;2018;8;Comedy, Drama"
"323;Togo;2019;8;Adventure, Biography, Drama"
"324;Airlift;2016;8;Drama, History"
"325;Bajrangi Bhaijaan;2015;8;Action, Adventure, Comedy"
"326;Baby;2015;8;Action, Crime, Thriller"
"327;La La Land;2016;8;Comedy, Drama, Music"
"328;Lion;2016;8;Biography, Drama"
"329;The Martian;2015;8;Adventure, Drama, Sci-Fi"
"330;Zootopia;2016;8;Animation, Adventure, Comedy"
"331;Bãhubali: The Beginning;2015;8;Action, Drama"
"332;Kaguyahime no monogatari;2013;8;Animation, Adventure, Drama"
"333;Wonder;2017;8;Drama, Family"
"334;Gully Boy;2019;8;Drama, Music, Romance"
"335;Special Chabbis;2013;8;Crime, Drama, Thriller"
"336;Short Term 12;2013;8;Drama"
"337;Serbuan maut 2: Berandal;2014;8;Action, Crime, Thriller"
"338;The Imitation Game;2014;8;Biography, Drama, Thriller"
"339;Guardians of the Galaxy;2014;8;Action, Adventure, Comedy"
"340;Blade Runner 2049;2017;8;Action, Drama, Mystery"
"341;Her;2013;8;Drama, Romance, Sci-Fi"
"342;Bohemian Rhapsody;2018;8;Biography, Drama, Music"
"343;The Revenant;2015;8;Action, Adventure, Drama"
"344;The Perks of Being a Wallflower;2012;8;Drama, Romance"
"345;Tropa de Elite 2: O Inimigo Agora é Outro;2010;8;Action, Crime, Drama"
"346;The King's Speech;2010;8;Biography, Drama, History"
"347;The Help;2011;8;Drama"
"348;Deadpool;2016;8;Action, Adventure, Comedy"
"349;Darbareye Elly;2009;8;Drama, Mystery"
"350;Dev.D;2009;8;Drama, Romance"
"351;Yip Man;2008;8;Action, Biography, Drama"
"352;My Name Is Khan;2010;8;Drama"
"353;Nefes: Vatan Sagolsun;2009;8;Action, Drama, Thriller"
"354;Slumdog Millionaire;2008;8;Drama, Romance"
"355;Black Swan;2010;8;Drama, Thriller"
"356;Tropa de Elite;2007;8;Action, Crime, Drama"
"357;The Avengers;2012;8;Action, Adventure, Sci-Fi"
"358;Persepolis;2007;8;Animation, Biography, Drama"
"359;Dallas Buyers Club;2013;8;Biography, Drama"
"360;The Pursuit of Happyness;2006;8;Biography, Drama"
"361;Blood Diamond;2006;8;Adventure, Drama, Thriller"
"362;The Bourne Ultimatum;2007;8;Action, Mystery, Thriller"
"363;Bin-jip;2004;8;Crime, Drama, Romance"
"364;Sin City;2005;8;Crime, Thriller"
"365;Le scaphandre et le papillon;2007;8;Biography, Drama"
"366;G.O.R.A.;2004;8;Adventure, Comedy, Sci-Fi"
"367;Ratatouille;2007;8;Animation, Adventure, Comedy"
"368;Casino Royale;2006;8;Action, Adventure, Thriller"
"369;Kill Bill: Vol. 2;2004;8;Action, Crime, Thriller"
"370;Vozvrashchenie;2003;8;Drama"
"371;Bom Yeoareum Gaeul Gyeoul Geurigo Bom;2003;8;Drama, Romance"
"372;Mar adentro;2014;8;Biography, Drama"
"373;Cinderella Man;2005;8;Biography, Drama, History"
"374;Kal Ho Naa Ho;2003;8;Comedy, Drama, Musical"
"375;Mou gaan dou;2002;8;Action, Crime, Drama"
"376;Pirates of the Caribbean: The Curse of the Black Pearl;2003;8;Action, Adventure, Fantasy"
"377;Big Fish;2003;8;Adventure, Drama, Fantasy"
"378;The Incredibles;2004;8;Animation, Action, Adventure"
"379;Yeopgijeogin geunyeo;2001;8;Comedy, Drama, Romance"
"380;Dogville;2003;8;Crime, Drama"
"381;Vizontele;2001;8;Comedy, Drama"
"382;Donnie Darko;2001;8;Drama, Mystery, Sci-Fi"
"383;Magnolia;1999;8;Drama"
"384;Dancer in the Dark;2000;8;Crime, Drama, Musical"
"385;The Straight Story;1999;8;Biography, Drama"
"386;Pâfekuto burû;1997;8;Animation, Crime, Mystery"
"387;Festen;1998;8;Drama"
"388;Central do Brasil;1998;8;Drama"
"389;The Iron Giant;1999;8;Animation, Action, Adventure"
"390;Knockin' on Heaven's Door;1997;8;Action, Crime, Comedy"
"391;Sling Blade;1996;8;Drama"
"392;Secrets & Lies;1996;8;Comedy, Drama"
"393;Twelve Monkeys;1995;8;Mystery, Sci-Fi, Thriller"
"394;Kôkaku Kidôtai;1995;8;Animation, Action, Crime"
"395;The Nightmare Before Christmas;1993;8;Animation, Family, Fantasy"
"396;Groundhog Day;1993;8;Comedy, Fantasy, Romance"
"397;Bound by Honor;1993;8;Crime, Drama"
"398;Scent of a Woman;1992;8;Drama"
"399;Aladdin;1992;8;Animation, Adventure, Comedy"
"400;JFK;1991;8;Drama, History, Thriller"
"401;Beauty and the Beast;1991;8;Animation, Family, Fantasy"
"402;Dances with Wolves;1990;8;Adventure, Drama, Western"
"403;Do the Right Thing;1989;8;Comedy, Drama"
"404;Rain Man;1988;8;Drama"
"405;Akira;1988;8;Animation, Action, Sci-Fi"
"406;The Princess Bride;1987;8;Adventure, Family, Fantasy"
"407;Der Himmel über Berlin;1987;8;Drama, Fantasy, Romance"
"408;Au revoir les enfants;1987;8;Drama, War"
"409;Tenkû no shiro Rapyuta;1986;8;Animation, Adventure, Drama"
"410;The Terminator;1984;8;Action, Sci-Fi"
"411;Gandhi;1982;8;Biography, Drama, History"
"412;Kagemusha;1980;8;Drama, History, War"
"413;Being There;1979;8;Comedy, Drama"
"414;Annie Hall;1977;8;Comedy, Romance"
"415;Jaws;1975;8;Adventure, Thriller"
"416;Dog Day Afternoon;1975;8;Biography, Crime, Drama"
"417;Young Frankenstein;1974;8;Comedy"
"418;Papillon;1973;8;Biography, Crime, Drama"
"419;The Exorcist;1973;8;Horror"
"420;Sleuth;1972;8;Mystery, Thriller"
"421;The Last Picture Show;1971;8;Drama, Romance"
"422;Fiddler on the Roof;1971;8;Drama, Family, Musical"
"423;Il conformista;1970;8;Drama"
"424;Butch Cassidy and the Sundance Kid;1969;8;Biography, Crime, Drama"
"425;Rosemary's Baby;1968;8;Drama, Horror"
"426;Planet of the Apes;1968;8;Adventure, Sci-Fi"
"427;The Graduate;1967;8;Comedy, Drama, Romance"
"428;Who's Afraid of Virginia Woolf?;1966;8;Drama"
"429;The Sound of Music;1965;8;Biography, Drama, Family"
"430;Doctor Zhivago;1965;8;Drama, Romance, War"
"431;Per un pugno di dollari;1964;8;Action, Drama, Western"
"432;8½;1963;8;Drama"
"433;Vivre sa vie: Film en douze tableaux;1962;8;Drama"
"434;The Hustler;1961;8;Drama, Sport"
"435;La dolce vita;1960;8;Comedy, Drama"
"436;Rio Bravo;1959;8;Action, Drama, Western"
"437;Anatomy of a Murder;1959;8;Crime, Drama, Mystery"
"438;Touch of Evil;1958;8;Crime, Drama, Film-Noir"
"439;Cat on a Hot Tin Roof;1958;8;Drama"
"440;Sweet Smell of Success;1957;8;Drama, Film-Noir"
"441;The Killing;1956;8;Crime, Drama, Film-Noir"
"442;The Night of the Hunter;1955;8;Crime, Drama, Film-Noir"
"443;La Strada;1954;8;Drama"
"444;Les diaboliques;1955;8;Crime, Drama, Horror"
"445;Stalag 17;1953;8;Comedy, Drama, War"
"446;Roman Holiday;1953;8;Comedy, Romance"
"447;A Streetcar Named Desire;1951;8;Drama"
"448;In a Lonely Place;1950;8;Drama, Film-Noir, Mystery"
"449;Kind Hearts and Coronets;1949;8;Comedy, Crime"
"450;Rope;1948;8;Crime, Drama, Mystery"
"451;Out of the Past;1947;8;Crime, Drama, Film-Noir"
"452;Brief Encounter;1945;8;Drama, Romance"
"453;Laura;1944;8;Drama, Film-Noir, Mystery"
"454;The Best Years of Our Lives;1946;8;Drama, Romance, War"
"455;Arsenic and Old Lace;1942;8;Comedy, Crime, Thriller"
"456;The Maltese Falcon;1941;8;Film-Noir, Mystery"
"457;The Grapes of Wrath;1940;8;Drama, History"
"458;The Wizard of Oz;1939;8;Adventure, Family, Fantasy"
"459;La règle du jeu;1939;8;Comedy, Drama"
"460;The Thin Man;1934;8;Comedy, Crime, Mystery"
"461;All Quiet on the Western Front;1930;8;Drama, War"
"462;Bronenosets Potemkin;1925;8;Drama, History, Thriller"
"463;Knives Out;2019;7.9;Comedy, Crime, Drama"
"464;Dil Bechara;2020;7.9;Comedy, Drama, Romance"
"465;Manbiki kazoku;2018;7.9;Crime, Drama"
"466;Marriage Story;2019;7.9;Comedy, Drama, Romance"
"467;Call Me by Your Name;2017;7.9;Drama, Romance"
"468;I, Daniel Blake;2016;7.9;Drama"
"469;Isle of Dogs;2018;7.9;Animation, Adventure, Comedy"
"470;Hunt for the Wilderpeople;2016;7.9;Adventure, Comedy, Drama"
"471;Captain Fantastic;2016;7.9;Comedy, Drama"
"472;Sing Street;2016;7.9;Comedy, Drama, Music"
"473;Thor: Ragnarok;2017;7.9;Action, Adventure, Comedy"
"474;Nightcrawler;2014;7.9;Crime, Drama, Thriller"
"475;Jojo Rabbit;2019;7.9;Comedy, Drama, War"
"476;Arrival;2016;7.9;Drama, Sci-Fi"
"477;Star Wars: Episode VII - The Force Awakens;2015;7.9;Action, Adventure, Sci-Fi"
"478;Before Midnight;2013;7.9;Drama, Romance"
"479;X-Men: Days of Future Past;2014;7.9;Action, Adventure, Sci-Fi"
"480;Bir Zamanlar Anadolu'da;2011;7.9;Crime, Drama"
"481;The Artist;2011;7.9;Comedy, Drama, Romance"
"482;Edge of Tomorrow;2014;7.9;Action, Adventure, Sci-Fi"
"483;Amour;2012;7.9;Drama, Romance"
"484;The Irishman;2019;7.9;Biography, Crime, Drama"
"485;Un prophète;2009;7.9;Crime, Drama"
"486;Moon;2009;7.9;Drama, Mystery, Sci-Fi"
"487;Låt den rätte komma in;2008;7.9;Crime, Drama, Fantasy"
"488;District 9;2009;7.9;Action, Sci-Fi, Thriller"
"489;The Wrestler;2008;7.9;Drama, Sport"
"490;Jab We Met;2007;7.9;Comedy, Drama, Romance"
"491;Boyhood;2014;7.9;Drama"
"492;4 luni, 3 saptamâni si 2 zile;2007;7.9;Drama"
"493;Star Trek;2009;7.9;Action, Adventure, Sci-Fi"
"494;In Bruges;2008;7.9;Comedy, Crime, Drama"
"495;The Man from Earth;2007;7.9;Drama, Fantasy, Mystery"
"496;Letters from Iwo Jima;2006;7.9;Action, Adventure, Drama"
"497;The Fall;2006;7.9;Adventure, Drama, Fantasy"
"498;Life of Pi;2012;7.9;Adventure, Drama, Fantasy"
"499;Fantastic Mr. Fox;2009;7.9;Animation, Adventure, Comedy"
"500;C.R.A.Z.Y.;2005;7.9;Comedy, Drama"
"501;Les choristes;2004;7.9;Drama, Music"
"502;Iron Man;2008;7.9;Action, Adventure, Sci-Fi"
"503;Shaun of the Dead;2004;7.9;Comedy, Horror"
"504;Gegen die Wand;2004;7.9;Drama, Romance"
"505;Mystic River;2003;7.9;Crime, Drama, Mystery"
"506;Harry Potter and the Prisoner of Azkaban;2004;7.9;Adventure, Family, Fantasy"
"507;Ying xiong;2002;7.9;Action, Adventure, History"
"508;Hable con ella;2002;7.9;Drama, Mystery, Romance"
"509;No Man's Land;2001;7.9;Comedy, Drama, War"
"510;Cowboy Bebop: Tengoku no tobira;2001;7.9;Animation, Action, Crime"
"511;The Bourne Identity;2002;7.9;Action, Mystery, Thriller"
"512;Nueve reinas;2000;7.9;Crime, Drama, Thriller"
"513;Children of Men;2006;7.9;Adventure, Drama, Sci-Fi"
"514;Almost Famous;2000;7.9;Adventure, Comedy, Drama"
"515;Mulholland Dr.;2001;7.9;Drama, Mystery, Thriller"
"516;Toy Story 2;1999;7.9;Animation, Adventure, Comedy"
"517;Boogie Nights;1997;7.9;Drama"
"518;Mimi wo sumaseba;1995;7.9;Animation, Drama, Family"
"519;Once Were Warriors;1994;7.9;Crime, Drama"
"520;True Romance;1993;7.9;Crime, Drama, Romance"
"521;Trois couleurs: Bleu;1993;7.9;Drama, Music, Mystery"
"522;Jûbê ninpûchô;1993;7.9;Animation, Action, Adventure"
"523;Carlito's Way;1993;7.9;Crime, Drama, Thriller"
"524;Edward Scissorhands;1990;7.9;Drama, Fantasy, Romance"
"525;My Left Foot: The Story of Christy Brown;1989;7.9;Biography, Drama"
"526;Crimes and Misdemeanors;1989;7.9;Comedy, Drama"
"527;The Untouchables;1987;7.9;Crime, Drama, Thriller"
"528;Hannah and Her Sisters;1986;7.9;Comedy, Drama"
"529;Brazil;1985;7.9;Drama, Sci-Fi"
"530;This Is Spinal Tap;1984;7.9;Comedy, Music"
"531;A Christmas Story;1983;7.9;Comedy, Family"
"532;The Blues Brothers;1980;7.9;Action, Adventure, Comedy"
"533;Manhattan;1979;7.9;Comedy, Drama, Romance"
"534;All That Jazz;1979;7.9;Drama, Music, Musical"
"535;Dawn of the Dead;1978;7.9;Action, Adventure, Horror"
"536;All the President's Men;1976;7.9;Biography, Drama, History"
"537;La montaña sagrada;1973;7.9;Adventure, Drama, Fantasy"
"538;Amarcord;1973;7.9;Comedy, Drama, Family"
"539;Le charme discret de la bourgeoisie;1972;7.9;Comedy"
"540;Aguirre, der Zorn Gottes;1972;7.9;Action, Adventure, Biography"
"541;Harold and Maude;1971;7.9;Comedy, Drama, Romance"
"542;Patton;1970;7.9;Biography, Drama, War"
"543;The Wild Bunch;1969;7.9;Action, Adventure, Western"
"544;Night of the Living Dead;1968;7.9;Horror, Thriller"
"545;The Lion in Winter;1968;7.9;Biography, Drama, History"
"546;In the Heat of the Night;1967;7.9;Crime, Drama, Mystery"
"547;Charade;1963;7.9;Comedy, Mystery, Romance"
"548;The Manchurian Candidate;1962;7.9;Drama, Thriller"
"549;Spartacus;1960;7.9;Adventure, Biography, Drama"
"550;L'avventura;1960;7.9;Drama, Mystery"
"551;Hiroshima mon amour;1959;7.9;Drama, Romance"
"552;The Ten Commandments;1956;7.9;Adventure, Drama"
"553;The Searchers;1956;7.9;Adventure, Drama, Western"
"554;East of Eden;1955;7.9;Drama"
"555;High Noon;1952;7.9;Drama, Thriller, Western"
"556;Strangers on a Train;1951;7.9;Crime, Film-Noir, Thriller"
"557;Harvey;1950;7.9;Comedy, Drama, Fantasy"
"558;Miracle on 34th Street;1947;7.9;Comedy, Drama, Family"
"559;Notorious;1946;7.9;Drama, Film-Noir, Romance"
"560;The Big Sleep;1946;7.9;Crime, Film-Noir, Mystery"
"561;The Lost Weekend;1945;7.9;Drama, Film-Noir"
"562;The Philadelphia Story;1940;7.9;Comedy, Romance"
"563;His Girl Friday;1940;7.9;Comedy, Drama, Romance"
"564;The Adventures of Robin Hood;1938;7.9;Action, Adventure, Romance"
"565;A Night at the Opera;1935;7.9;Comedy, Music, Musical"
"566;King Kong;1933;7.9;Adventure, Horror, Sci-Fi"
"567;Freaks;1932;7.9;Drama, Horror"
"568;Nosferatu;1922;7.9;Fantasy, Horror"
"569;The Gentlemen;2019;7.8;Action, Comedy, Crime"
"570;Raazi;2018;7.8;Action, Drama, Thriller"
"571;Sound of Metal;2019;7.8;Drama, Music"
"572;Forushande;2016;7.8;Drama"
"573;Dunkirk;2017;7.8;Action, Drama, History"
"574;Perfetti sconosciuti;2016;7.8;Comedy, Drama"
"575;Hidden Figures;2016;7.8;Biography, Drama, History"
"576;Paddington 2;2017;7.8;Adventure, Comedy, Family"
"577;Udta Punjab;2016;7.8;Action, Crime, Drama"
"578;Kubo and the Two Strings;2016;7.8;Animation, Action, Adventure"
"579;M.S. Dhoni: The Untold Story;2016;7.8;Biography, Drama, Sport"
"580;Manchester by the Sea;2016;7.8;Drama"
"581;Under sandet;2015;7.8;Drama, History, War"
"582;Rogue One;2016;7.8;Action, Adventure, Sci-Fi"
"583;Captain America: Civil War;2016;7.8;Action, Adventure, Sci-Fi"
"584;The Hateful Eight;2015;7.8;Crime, Drama, Mystery"
"585;Little Women;2019;7.8;Drama, Romance"
"586;Loving Vincent;2017;7.8;Animation, Biography, Crime"
"587;Pride;2014;7.8;Biography, Comedy, Drama"
"588;Le passé;2013;7.8;Drama, Mystery"
"589;La grande bellezza;2013;7.8;Drama"
"590;The Lunchbox;2013;7.8;Drama, Romance"
"591;Vicky Donor;2012;7.8;Comedy, Romance"
"592;Big Hero 6;2014;7.8;Animation, Action, Adventure"
"593;About Time;2013;7.8;Comedy, Drama, Fantasy"
"594;English Vinglish;2012;7.8;Comedy, Drama, Family"
"595;Kaze tachinu;2013;7.8;Animation, Biography, Drama"
"596;Toy Story 4;2019;7.8;Animation, Adventure, Comedy"
"597;La migliore offerta;2013;7.8;Crime, Drama, Mystery"
"598;Moonrise Kingdom;2012;7.8;Comedy, Drama, Romance"
"599;How to Train Your Dragon 2;2014;7.8;Animation, Action, Adventure"
"600;The Big Short;2015;7.8;Biography, Comedy, Drama"
"601;Kokuhaku;2010;7.8;Drama, Thriller"
"602;Ang-ma-reul bo-at-da;2010;7.8;Action, Crime, Drama"
"603;The Girl with the Dragon Tattoo;2011;7.8;Crime, Drama, Mystery"
"604;Captain Phillips;2013;7.8;Adventure, Biography, Crime"
"605;Ajeossi;2010;7.8;Action, Crime, Drama"
"606;Straight Outta Compton;2015;7.8;Biography, Drama, History"
"607;Madeo;2009;7.8;Crime, Drama, Mystery"
"608;Chugyeokja;2008;7.8;Action, Crime, Thriller"
"609;The Hobbit: The Desolation of Smaug;2013;7.8;Adventure, Fantasy"
"610;Das weiße Band - Eine deutsche Kindergeschichte;2009;7.8;Drama, History, Mystery"
"611;Män som hatar kvinnor;2009;7.8;Crime, Drama, Mystery"
"612;The Trial of the Chicago 7;2020;7.8;Drama, History, Thriller"
"613;Druk;2020;7.8;Comedy, Drama"
"614;The Fighter;2010;7.8;Biography, Drama, Sport"
"615;Taken;2008;7.8;Action, Thriller"
"616;The Boy in the Striped Pyjamas;2008;7.8;Drama, History, War"
"617;Once;2007;7.8;Drama, Music, Romance"
"618;The Hobbit: An Unexpected Journey;2012;7.8;Adventure, Fantasy"
"619;Auf der anderen Seite;2007;7.8;Drama"
"620;Atonement;2007;7.8;Drama, Mystery, Romance"
"621;Drive;2011;7.8;Crime, Drama"
"622;American Gangster;2007;7.8;Biography, Crime, Drama"
"623;Avatar;2009;7.8;Action, Adventure, Fantasy"
"624;Mr. Nobody;2009;7.8;Drama, Fantasy, Romance"
"625;Apocalypto;2006;7.8;Action, Adventure, Drama"
"626;Little Miss Sunshine;2006;7.8;Comedy, Drama"
"627;Hot Fuzz;2007;7.8;Action, Comedy, Mystery"
"628;The Curious Case of Benjamin Button;2008;7.8;Drama, Fantasy, Romance"
"629;Veer-Zaara;2004;7.8;Drama, Family, Musical"
"630;Adams æbler;2005;7.8;Comedy, Crime, Drama"
"631;Pride & Prejudice;2005;7.8;Drama, Romance"
"632;The World's Fastest Indian;2005;7.8;Biography, Drama, Sport"
"633;Tôkyô goddofâzâzu;2003;7.8;Animation, Adventure, Comedy"
"634;Serenity;2005;7.8;Action, Adventure, Sci-Fi"
"635;Walk the Line;2005;7.8;Biography, Drama, Music"
"636;Ondskan;2003;7.8;Drama"
"637;The Notebook;2004;7.8;Drama, Romance"
"638;Diarios de motocicleta;2004;7.8;Adventure, Biography, Drama"
"639;Lilja 4-ever;2002;7.8;Crime, Drama"
"640;Les triplettes de Belleville;2003;7.8;Animation, Comedy, Drama"
"641;Gongdong gyeongbi guyeok JSA;2000;7.8;Action, Drama, Thriller"
"642;The Count of Monte Cristo;2002;7.8;Action, Adventure, Drama"
"643;Waking Life;2001;7.8;Animation, Drama, Fantasy"
"644;Remember the Titans;2000;7.8;Biography, Drama, Sport"
"645;Wo hu cang long;2000;7.8;Action, Adventure, Fantasy"
"646;Todo sobre mi madre;1999;7.8;Drama"
"647;Cast Away;2000;7.8;Adventure, Drama, Romance"
"648;The Boondock Saints;1999;7.8;Action, Crime, Thriller"
"649;The Insider;1999;7.8;Biography, Drama, Thriller"
"650;October Sky;1999;7.8;Biography, Drama, Family"
"651;Shrek;2001;7.8;Animation, Adventure, Comedy"
"652;Titanic;1997;7.8;Drama, Romance"
"653;Hana-bi;1997;7.8;Crime, Drama, Romance"
"654;Gattaca;1997;7.8;Drama, Sci-Fi, Thriller"
"655;The Game;1997;7.8;Action, Drama, Mystery"
"656;Breaking the Waves;1996;7.8;Drama"
"657;Ed Wood;1994;7.8;Biography, Comedy, Drama"
"658;What's Eating Gilbert Grape;1993;7.8;Drama"
"659;Tombstone;1993;7.8;Action, Biography, Drama"
"660;The Sandlot;1993;7.8;Comedy, Drama, Family"
"661;The Remains of the Day;1993;7.8;Drama, Romance"
"662;Naked;1993;7.8;Comedy, Drama"
"663;The Fugitive;1993;7.8;Action, Crime, Drama"
"664;A Bronx Tale;1993;7.8;Crime, Drama, Romance"
"665;Batman: Mask of the Phantasm;1993;7.8;Animation, Action, Crime"
"666;Lat sau san taam;1992;7.8;Action, Crime, Thriller"
"667;Night on Earth;1991;7.8;Comedy, Drama"
"668;La double vie de Véronique;1991;7.8;Drama, Fantasy, Music"
"669;Boyz n the Hood;1991;7.8;Crime, Drama"
"670;Misery;1990;7.8;Drama, Thriller"
"671;Awakenings;1990;7.8;Biography, Drama"
"672;Majo no takkyûbin;1989;7.8;Animation, Adventure, Drama"
"673;Glory;1989;7.8;Biography, Drama, History"
"674;Dip huet seung hung;1989;7.8;Action, Crime, Drama"
"675;Back to the Future Part II;1989;7.8;Adventure, Comedy, Sci-Fi"
"676;Mississippi Burning;1988;7.8;Crime, Drama, History"
"677;Predator;1987;7.8;Action, Adventure, Sci-Fi"
"678;Evil Dead II;1987;7.8;Action, Comedy, Fantasy"
"679;Ferris Bueller's Day Off;1986;7.8;Comedy"
"680;Down by Law;1986;7.8;Comedy, Crime, Drama"
"681;The Goonies;1985;7.8;Adventure, Comedy, Family"
"682;The Color Purple;1985;7.8;Drama"
"683;The Breakfast Club;1985;7.8;Comedy, Drama"
"684;The Killing Fields;1984;7.8;Biography, Drama, History"
"685;Ghostbusters;1984;7.8;Action, Comedy, Fantasy"
"686;The Right Stuff;1983;7.8;Adventure, Biography, Drama"
"687;The King of Comedy;1982;7.8;Comedy, Crime, Drama"
"688;E.T. the Extra-Terrestrial;1982;7.8;Family, Sci-Fi"
"689;Kramer vs. Kramer;1979;7.8;Drama"
"690;Days of Heaven;1978;7.8;Drama, Romance"
"691;The Outlaw Josey Wales;1976;7.8;Western"
"692;The Man Who Would Be King;1975;7.8;Adventure, History, War"
"693;The Conversation;1974;7.8;Drama, Mystery, Thriller"
"694;La planète sauvage;1973;7.8;Animation, Sci-Fi"
"695;The Day of the Jackal;1973;7.8;Crime, Drama, Thriller"
"696;Badlands;1973;7.8;Action, Crime, Drama"
"697;Cabaret;1972;7.8;Drama, Music, Musical"
"698;Willy Wonka & the Chocolate Factory;1971;7.8;Family, Fantasy, Musical"
"699;Midnight Cowboy;1969;7.8;Drama"
"700;Wait Until Dark;1967;7.8;Thriller"
"701;Guess Who's Coming to Dinner;1967;7.8;Comedy, Drama"
"702;Bonnie and Clyde;1967;7.8;Action, Biography, Crime"
"703;My Fair Lady;1964;7.8;Drama, Family, Musical"
"704;Mary Poppins;1964;7.8;Comedy, Family, Fantasy"
"705;The Longest Day;1962;7.8;Action, Drama, History"
"706;Jules et Jim;1962;7.8;Drama, Romance"
"707;The Innocents;1961;7.8;Horror"
"708;À bout de souffle;1960;7.8;Crime, Drama"
"709;Red River;1948;7.8;Action, Adventure, Drama"
"710;Key Largo;1948;7.8;Action, Crime, Drama"
"711;To Have and Have Not;1944;7.8;Adventure, Comedy, Film-Noir"
"712;Shadow of a Doubt;1943;7.8;Film-Noir, Thriller"
"713;Stagecoach;1939;7.8;Adventure, Drama, Western"
"714;The Lady Vanishes;1938;7.8;Mystery, Thriller"
"715;Bringing Up Baby;1938;7.8;Comedy, Family, Romance"
"716;Bride of Frankenstein;1935;7.8;Drama, Horror, Sci-Fi"
"717;Duck Soup;1933;7.8;Comedy, Musical, War"
"718;Scarface: The Shame of the Nation;1932;7.8;Action, Crime, Drama"
"719;Frankenstein;1931;7.8;Drama, Horror, Sci-Fi"
"720;Roma;2018;7.7;Drama"
"721;God's Own Country;2017;7.7;Drama, Romance"
"722;Deadpool 2;2018;7.7;Action, Adventure, Comedy"
"723;Wind River;2017;7.7;Crime, Drama, Mystery"
"724;Get Out;2017;7.7;Horror, Mystery, Thriller"
"725;Mission: Impossible - Fallout;2018;7.7;Action, Adventure, Thriller"
"726;En man som heter Ove;2015;7.7;Comedy, Drama, Romance"
"727;What We Do in the Shadows;2014;7.7;Comedy, Horror"
"728;Omoide no Mânî;2014;7.7;Animation, Drama, Family"
"729;The Theory of Everything;2014;7.7;Biography, Drama, Romance"
"730;Kingsman: The Secret Service;2014;7.7;Action, Adventure, Comedy"
"731;The Fault in Our Stars;2014;7.7;Drama, Romance"
"732;Me and Earl and the Dying Girl;2015;7.7;Comedy, Drama"
"733;Birdman or (The Unexpected Virtue of Ignorance);2014;7.7;Comedy, Drama"
"734;La vie d'Adèle;2013;7.7;Drama, Romance"
"735;Kai po che!;2013;7.7;Drama, Sport"
"736;The Broken Circle Breakdown;2012;7.7;Drama, Music, Romance"
"737;Captain America: The Winter Soldier;2014;7.7;Action, Adventure, Sci-Fi"
"738;Rockstar;2011;7.7;Drama, Music, Musical"
"739;Nebraska;2013;7.7;Adventure, Comedy, Drama"
"740;Wreck-It Ralph;2012;7.7;Animation, Adventure, Comedy"
"741;Le Petit Prince;2015;7.7;Animation, Adventure, Drama"
"742;Detachment;2011;7.7;Drama"
"743;Midnight in Paris;2011;7.7;Comedy, Fantasy, Romance"
"744;The Lego Movie;2014;7.7;Animation, Action, Adventure"
"745;Gravity;2013;7.7;Drama, Sci-Fi, Thriller"
"746;Star Trek Into Darkness;2013;7.7;Action, Adventure, Sci-Fi"
"747;Beasts of No Nation;2015;7.7;Drama, War"
"748;The Social Network;2010;7.7;Biography, Drama"
"749;X: First Class;2011;7.7;Action, Adventure, Sci-Fi"
"750;The Hangover;2009;7.7;Comedy"
"751;Skyfall;2012;7.7;Action, Adventure, Thriller"
"752;Silver Linings Playbook;2012;7.7;Comedy, Drama, Romance"
"753;Argo;2012;7.7;Biography, Drama, Thriller"
"754;(500) Days of Summer;2009;7.7;Comedy, Drama, Romance"
"755;Harry Potter and the Deathly Hallows: Part 1;2010;7.7;Adventure, Family, Fantasy"
"756;Gake no ue no Ponyo;2008;7.7;Animation, Adventure, Comedy"
"757;Frost/Nixon;2008;7.7;Biography, Drama, History"
"758;Papurika;2006;7.7;Animation, Drama, Fantasy"
"759;Changeling;2008;7.7;Biography, Crime, Drama"
"760;Flipped;2010;7.7;Comedy, Drama, Romance"
"761;Toki o kakeru shôjo;2006;7.7;Animation, Adventure, Comedy"
"762;Death Note: Desu nôto;2006;7.7;Crime, Drama, Fantasy"
"763;This Is England;2006;7.7;Crime, Drama"
"764;Ex Machina;2014;7.7;Drama, Sci-Fi, Thriller"
"765;Efter brylluppet;2006;7.7;Drama"
"766;The Last King of Scotland;2006;7.7;Biography, Drama, History"
"767;Zodiac;2007;7.7;Crime, Drama, Mystery"
"768;Lucky Number Slevin;2006;7.7;Action, Crime, Drama"
"769;Joyeux Noël;2005;7.7;Drama, History, Music"
"770;Control;2007;7.7;Biography, Drama, Music"
"771;Tangled;2010;7.7;Animation, Adventure, Comedy"
"772;Zwartboek;2006;7.7;Drama, Thriller, War"
"773;Brokeback Mountain;2005;7.7;Drama, Romance"
"774;3:10 to Yuma;2007;7.7;Action, Crime, Drama"
"775;Crash;2004;7.7;Crime, Drama, Thriller"
"776;Kung fu;2004;7.7;Action, Comedy, Fantasy"
"777;The Bourne Supremacy;2004;7.7;Action, Mystery, Thriller"
"778;The Machinist;2004;7.7;Drama, Thriller"
"779;Ray;2004;7.7;Biography, Drama, Music"
"780;Lost in Translation;2003;7.7;Comedy, Drama"
"781;Harry Potter and the Goblet of Fire;2005;7.7;Adventure, Family, Fantasy"
"782;Man on Fire;2004;7.7;Action, Crime, Drama"
"783;Coraline;2009;7.7;Animation, Drama, Family"
"784;The Last Samurai;2003;7.7;Action, Drama"
"785;The Magdalene Sisters;2002;7.7;Drama"
"786;Good Bye Lenin!;2003;7.7;Comedy, Drama, Romance"
"787;In America;2002;7.7;Drama"
"788;I Am Sam;2001;7.7;Drama"
"789;Adaptation.;2002;7.7;Comedy, Drama"
"790;Black Hawk Down;2001;7.7;Drama, History, War"
"791;Road to Perdition;2002;7.7;Crime, Drama, Thriller"
"792;Das Experiment;2001;7.7;Drama, Thriller"
"793;Billy Elliot;2000;7.7;Drama, Music"
"794;Hedwig and the Angry Inch;2001;7.7;Comedy, Drama, Music"
"795;Ocean's Eleven;2001;7.7;Crime, Thriller"
"796;Vampire Hunter D: Bloodlust;2000;7.7;Animation, Action, Fantasy"
"797;O Brother, Where Art Thou?;2000;7.7;Adventure, Comedy, Crime"
"798;Interstate 60: Episodes of the Road;2002;7.7;Adventure, Comedy, Drama"
"799;South Park: Bigger, Longer & Uncut;1999;7.7;Animation, Comedy, Fantasy"
"800;Office Space;1999;7.7;Comedy"
"801;Happiness;1998;7.7;Comedy, Drama"
"802;Training Day;2001;7.7;Crime, Drama, Thriller"
"803;Rushmore;1998;7.7;Comedy, Drama, Romance"
"804;Abre los ojos;1997;7.7;Drama, Mystery, Sci-Fi"
"805;Being John Malkovich;1999;7.7;Comedy, Drama, Fantasy"
"806;As Good as It Gets;1997;7.7;Comedy, Drama, Romance"
"807;The Fifth Element;1997;7.7;Action, Adventure, Sci-Fi"
"808;Le dîner de cons;1998;7.7;Comedy"
"809;Donnie Brasco;1997;7.7;Biography, Crime, Drama"
"810;Shine;1996;7.7;Biography, Drama, Music"
"811;Primal Fear;1996;7.7;Crime, Drama, Mystery"
"812;Hamlet;1996;7.7;Drama"
"813;A Little Princess;1995;7.7;Drama, Family, Fantasy"
"814;Do lok tin si;1995;7.7;Comedy, Crime, Drama"
"815;Il postino;1994;7.7;Biography, Comedy, Drama"
"816;Clerks;1994;7.7;Comedy"
"817;Short Cuts;1993;7.7;Comedy, Drama"
"818;Philadelphia;1993;7.7;Drama"
"819;The Muppet Christmas Carol;1992;7.7;Comedy, Drama, Family"
"820;Malcolm X;1992;7.7;Biography, Drama, History"
"821;The Last of the Mohicans;1992;7.7;Action, Adventure, Drama"
"822;Kurenai no buta;1992;7.7;Animation, Adventure, Comedy"
"823;Glengarry Glen Ross;1992;7.7;Crime, Drama, Mystery"
"824;A Few Good Men;1992;7.7;Drama, Thriller"
"825;Fried Green Tomatoes;1991;7.7;Drama"
"826;Barton Fink;1991;7.7;Comedy, Drama, Thriller"
"827;Miller's Crossing;1990;7.7;Crime, Drama, Thriller"
"828;Who Framed Roger Rabbit;1988;7.7;Animation, Adventure, Comedy"
"829;Spoorloos;1988;7.7;Mystery, Thriller"
"830;Withnail & I;1987;7.7;Comedy, Drama"
"831;The Last Emperor;1987;7.7;Biography, Drama, History"
"832;Empire of the Sun;1987;7.7;Action, Drama, History"
"833;Der Name der Rose;1986;7.7;Crime, Drama, Mystery"
"834;Blue Velvet;1986;7.7;Drama, Mystery, Thriller"
"835;The Purple Rose of Cairo;1985;7.7;Comedy, Fantasy, Romance"
"836;After Hours;1985;7.7;Comedy, Crime, Drama"
"837;Zelig;1983;7.7;Comedy"
"838;The Verdict;1982;7.7;Drama"
"839;Star Trek II: The Wrath of Khan;1982;7.7;Action, Adventure, Sci-Fi"
"840;First Blood;1982;7.7;Action, Adventure"
"841;Ordinary People;1980;7.7;Drama"
"842;Airplane!;1980;7.7;Comedy"
"843;Rupan sansei: Kariosutoro no shiro;1979;7.7;Animation, Adventure, Family"
"844;Halloween;1978;7.7;Horror, Thriller"
"845;Le locataire;1976;7.7;Drama, Thriller"
"846;Love and Death;1975;7.7;Comedy, War"
"847;The Taking of Pelham One Two Three;1974;7.7;Action, Crime, Thriller"
"848;Blazing Saddles;1974;7.7;Comedy, Western"
"849;Serpico;1973;7.7;Biography, Crime, Drama"
"850;Enter the Dragon;1973;7.7;Action, Crime, Drama"
"851;Deliverance;1972;7.7;Adventure, Drama, Thriller"
"852;The French Connection;1971;7.7;Action, Crime, Drama"
"853;Dirty Harry;1971;7.7;Action, Crime, Thriller"
"854;Where Eagles Dare;1968;7.7;Action, Adventure, War"
"855;The Odd Couple;1968;7.7;Comedy"
"856;The Dirty Dozen;1967;7.7;Action, Adventure, War"
"857;Belle de jour;1967;7.7;Drama, Romance"
"858;A Man for All Seasons;1966;7.7;Biography, Drama, History"
"859;Repulsion;1965;7.7;Drama, Horror, Thriller"
"860;Zulu;1964;7.7;Drama, History, War"
"861;Goldfinger;1964;7.7;Action, Adventure, Thriller"
"862;The Birds;1963;7.7;Drama, Horror, Mystery"
"863;Cape Fear;1962;7.7;Drama, Thriller"
"864;Peeping Tom;1960;7.7;Drama, Horror, Thriller"
"865;The Magnificent Seven;1960;7.7;Action, Adventure, Western"
"866;Les yeux sans visage;1960;7.7;Drama, Horror"
"867;Invasion of the Body Snatchers;1956;7.7;Drama, Horror, Sci-Fi"
"868;Rebel Without a Cause;1955;7.7;Drama"
"869;The Ladykillers;1955;7.7;Comedy, Crime"
"870;Sabrina;1954;7.7;Comedy, Drama, Romance"
"871;The Quiet Man;1952;7.7;Comedy, Drama, Romance"
"872;The Day the Earth Stood Still;1951;7.7;Drama, Sci-Fi"
"873;The African Queen;1951;7.7;Adventure, Drama, Romance"
"874;Gilda;1946;7.7;Drama, Film-Noir, Romance"
"875;Fantasia;1940;7.7;Animation, Family, Fantasy"
"876;The Invisible Man;1933;7.7;Horror, Sci-Fi"
"877;Dark Waters;2019;7.6;Biography, Drama, History"
"878;Searching;2018;7.6;Drama, Mystery, Thriller"
"879;Once Upon a Time... in Hollywood;2019;7.6;Comedy, Drama"
"880;Nelyubov;2017;7.6;Drama"
"881;The Florida Project;2017;7.6;Drama"
"882;Just Mercy;2019;7.6;Biography, Crime, Drama"
"883;Gifted;2017;7.6;Drama"
"884;The Peanut Butter Falcon;2019;7.6;Adventure, Comedy, Drama"
"885;Victoria;2015;7.6;Crime, Drama, Romance"
"886;Mustang;2015;7.6;Drama"
"887;Guardians of the Galaxy Vol. 2;2017;7.6;Action, Adventure, Comedy"
"888;Baby Driver;2017;7.6;Action, Crime, Drama"
"889;Only the Brave;2017;7.6;Action, Biography, Drama"
"890;Bridge of Spies;2015;7.6;Drama, History, Thriller"
"891;Incredibles 2;2018;7.6;Animation, Action, Adventure"
"892;Moana;2016;7.6;Animation, Adventure, Comedy"
"893;Sicario;2015;7.6;Action, Crime, Drama"
"894;Creed;2015;7.6;Drama, Sport"
"895;Leviafan;2014;7.6;Crime, Drama"
"896;Hell or High Water;2016;7.6;Action, Crime, Drama"
"897;Philomena;2013;7.6;Biography, Comedy, Drama"
"898;Dawn of the Planet of the Apes;2014;7.6;Action, Adventure, Drama"
"899;El cuerpo;2012;7.6;Mystery, Thriller"
"900;Serbuan maut;2011;7.6;Action, Thriller"
"901;End of Watch;2012;7.6;Action, Crime, Drama"
"902;Kari-gurashi no Arietti;2010;7.6;Animation, Adventure, Family"
"903;A Star Is Born;2018;7.6;Drama, Music, Romance"
"904;True Grit;2010;7.6;Drama, Western"
"905;Hævnen;2010;7.6;Drama, Romance"
"906;Despicable Me;2010;7.6;Animation, Comedy, Crime"
"907;50/50;2011;7.6;Comedy, Drama, Romance"
"908;Kick-Ass;2010;7.6;Action, Comedy, Crime"
"909;Celda 211;2009;7.6;Action, Adventure, Crime"
"910;Moneyball;2011;7.6;Biography, Drama, Sport"
"911;La piel que habito;2011;7.6;Drama, Horror, Thriller"
"912;Zombieland;2009;7.6;Adventure, Comedy, Fantasy"
"913;Die Welle;2008;7.6;Drama, Thriller"
"914;Sherlock Holmes;2009;7.6;Action, Adventure, Mystery"
"915;The Blind Side;2009;7.6;Biography, Drama, Sport"
"916;The Visitor;2007;7.6;Drama"
"917;Seven Pounds;2008;7.6;Drama"
"918;Eastern Promises;2007;7.6;Action, Crime, Drama"
"919;Stardust;2007;7.6;Adventure, Family, Fantasy"
"920;The Secret of Kells;2009;7.6;Animation, Adventure, Family"
"921;Inside Man;2006;7.6;Crime, Drama, Mystery"
"922;Gone Baby Gone;2007;7.6;Crime, Drama, Mystery"
"923;La Vie En Rose;2007;7.6;Biography, Drama, Music"
"924;Huo Yuan Jia;2006;7.6;Action, Biography, Drama"
"925;The Illusionist;2006;7.6;Drama, Fantasy, Mystery"
"926;Dead Man's Shoes;2004;7.6;Crime, Drama, Thriller"
"927;Harry Potter and the Half-Blood Prince;2009;7.6;Action, Adventure, Family"
"928;300;2006;7.6;Action, Drama"
"929;Match Point;2005;7.6;Drama, Romance, Thriller"
"930;Watchmen;2009;7.6;Action, Drama, Mystery"
"931;Lord of War;2005;7.6;Action, Crime, Drama"
"932;Saw;2004;7.6;Horror, Mystery, Thriller"
"933;Synecdoche, New York;2008;7.6;Drama"
"934;Mysterious Skin;2004;7.6;Drama"
"935;Jeux d'enfants;2003;7.6;Comedy, Drama, Romance"
"936;Un long dimanche de fiançailles;2004;7.6;Drama, Mystery, Romance"
"937;The Station Agent;2003;7.6;Comedy, Drama"
"938;21 Grams;2003;7.6;Crime, Drama, Thriller"
"939;Boksuneun naui geot;2002;7.6;Crime, Drama, Thriller"
"940;Finding Neverland;2004;7.6;Biography, Drama, Family"
"941;25th Hour;2002;7.6;Drama"
"942;The Butterfly Effect;2004;7.6;Drama, Sci-Fi, Thriller"
"943;28 Days Later...;2002;7.6;Drama, Horror, Sci-Fi"
"944;Batoru rowaiaru;2000;7.6;Action, Adventure, Drama"
"945;The Royal Tenenbaums;2001;7.6;Comedy, Drama"
"946;Y tu mamá también;2001;7.6;Drama"
"947;Harry Potter and the Sorcerer's Stone;2001;7.6;Adventure, Family, Fantasy"
"948;The Others;2001;7.6;Horror, Mystery, Thriller"
"949;Blow;2001;7.6;Biography, Crime, Drama"
"950;Enemy at the Gates;2001;7.6;Drama, History, War"
"951;Minority Report;2002;7.6;Action, Crime, Mystery"
"952;The Hurricane;1999;7.6;Biography, Drama, Sport"
"953;American Psycho;2000;7.6;Comedy, Crime, Drama"
"954;Lola rennt;1998;7.6;Crime, Drama, Thriller"
"955;The Thin Red Line;1998;7.6;Drama, War"
"956;Mulan;1998;7.6;Animation, Adventure, Family"
"957;Fear and Loathing in Las Vegas;1998;7.6;Adventure, Comedy, Drama"
"958;Funny Games;1997;7.6;Crime, Drama, Thriller"
"959;Dark City;1998;7.6;Mystery, Sci-Fi, Thriller"
"960;Sleepers;1996;7.6;Crime, Drama, Thriller"
"961;Lost Highway;1997;7.6;Mystery, Thriller"
"962;Sense and Sensibility;1995;7.6;Drama, Romance"
"963;Die Hard: With a Vengeance;1995;7.6;Action, Adventure, Thriller"
"964;Dead Man;1995;7.6;Adventure, Drama, Fantasy"
"965;The Bridges of Madison County;1995;7.6;Drama, Romance"
"966;Apollo 13;PG;7.6;Adventure, Drama, History"
"967;Trois couleurs: Blanc;1994;7.6;Comedy, Drama, Romance"
"968;Falling Down;1993;7.6;Action, Crime, Drama"
"969;Dazed and Confused;1993;7.6;Comedy"
"970;My Cousin Vinny;1992;7.6;Comedy, Crime"
"971;Omohide poro poro;1991;7.6;Animation, Drama, Romance"
"972;Delicatessen;1991;7.6;Comedy, Crime"
"973;Home Alone;1990;7.6;Comedy, Family"
"974;The Godfather: Part III;1990;7.6;Crime, Drama"
"975;When Harry Met Sally...;1989;7.6;Comedy, Drama, Romance"
"976;The Little Mermaid;1989;7.6;Animation, Family, Fantasy"
"977;The Naked Gun: From the Files of Police Squad!;1988;7.6;Comedy, Crime"
"978;Planes, Trains & Automobiles;1987;7.6;Comedy, Drama"
"979;Lethal Weapon;1987;7.6;Action, Crime, Thriller"
"980;Blood Simple;1984;7.6;Crime, Drama, Thriller"
"981;On Golden Pond;1981;7.6;Drama"
"982;Mad Max 2;1981;7.6;Action, Adventure, Sci-Fi"
"983;The Warriors;1979;7.6;Action, Crime, Thriller"
"984;The Muppet Movie;1979;7.6;Adventure, Comedy, Family"
"985;Escape from Alcatraz;1979;7.6;Action, Biography, Crime"
"986;Watership Down;1978;7.6;Animation, Adventure, Drama"
"987;Midnight Express;1978;7.6;Biography, Crime, Drama"
"988;Close Encounters of the Third Kind;1977;7.6;Drama, Sci-Fi"
"989;The Long Goodbye;1973;7.6;Comedy, Crime, Drama"
"990;Giù la testa;1971;7.6;Drama, War, Western"
"991;Kelly's Heroes;1970;7.6;Adventure, Comedy, War"
"992;The Jungle Book;1967;7.6;Animation, Adventure, Family"
"993;Blowup;1966;7.6;Drama, Mystery, Thriller"
"994;A Hard Day's Night;1964;7.6;Comedy, Music, Musical"
"995;Breakfast at Tiffany's;1961;7.6;Comedy, Drama, Romance"
"996;Giant;1956;7.6;Drama, Western"
"997;From Here to Eternity;1953;7.6;Drama, Romance, War"
"998;Lifeboat;1944;7.6;Drama, War"
"999;The 39 Steps;1935;7.6;Crime, Mystery, Thriller"
